-- Mobel Unique DEV catalog snapshot
-- Generated at: 2026-05-11T03:04:50.566Z
-- Generated by: scripts/export-dev-catalog-snapshot.mjs
-- Snapshot scope: catalog-only public tables for sofas, fabrics, public tags, view columns, source photos, render cells, render jobs, render candidates, render exports, and catalog storage asset metadata.
-- Excluded scope: auth accounts, trusted admin devices, visitor email and simulation data, rate limits, cost meters, worker event logs, storage object metadata, and storage object bytes.
-- Storage note: this SQL contains asset metadata only. Matching bucket objects must already exist in DEV storage or be synchronized separately.

begin;
set local lock_timeout = '10s';
set local statement_timeout = '5min';

-- Replace the DEV catalog rows without touching auth or admin trust data.
update public.sofa_render_cells set accepted_fabric_render_candidate_id = null where accepted_fabric_render_candidate_id is not null;
update public.visual_matrix_columns set current_source_photo_id = null where current_source_photo_id is not null;
delete from public.fabric_render_candidates;
delete from public.fabric_render_jobs;
delete from public.sofa_render_exports;
delete from public.sofa_render_cells;
delete from public.sofa_source_photos;
delete from public.visual_matrix_columns;
delete from public.sofa_fabrics;
delete from public.sofa_tags;
delete from public.sofas;
delete from public.fabrics;
delete from public.public_tags;
delete from public.storage_asset_variants;
delete from public.storage_assets where asset_kind in ('fabric_ai_reference', 'fabric_render_candidate', 'fabric_render_candidate_variant', 'fabric_render_private', 'fabric_swatch_public', 'manual_render', 'manual_render_variant', 'published_sofa_render', 'published_sofa_render_variant', 'sofa_source_photo', 'sofa_source_photo_variant');

insert into public.storage_assets (id, bucket_id, object_path, visibility, lifecycle_state, asset_kind, content_type, byte_size, width_px, height_px, checksum_sha256, created_at, deleted_at, purged_at) values
  ('05f0900c-48fd-4a6d-8517-821db816818b', 'catalog-private-assets', 'variants/f313db13-8ea4-4e1c-be00-52fc15c1970d/small/05f0900c-48fd-4a6d-8517-821db816818b.jpg', 'private', 'active', 'sofa_source_photo_variant', 'image/jpeg', 12615, 320, 240, null, '2026-05-11T02:57:16.671301+00:00', null, null),
  ('1206eed0-2ff1-40c7-80fb-4eb585fe67d3', 'catalog-private-assets', 'variants/8224de0f-b226-4fd1-96db-cef8ac1d2849/small/1206eed0-2ff1-40c7-80fb-4eb585fe67d3.jpg', 'private', 'active', 'sofa_source_photo_variant', 'image/jpeg', 9941, 256, 320, null, '2026-05-11T02:57:10.571955+00:00', null, null),
  ('1ab9b1b6-35fd-4109-9081-0cdf7834439a', 'catalog-private-assets', 'local-admin-fixtures/mobel-local/sofas/mobel-sofa-04/positions/3-source.png', 'private', 'active', 'sofa_source_photo', 'image/png', 1232935, 1122, 1402, '2130d10ccee1e03436c998f2e88a50daf3da373e0f268e464acd9b55d15f4037', '2026-05-04T04:34:27.782264+00:00', null, null),
  ('1b8c3e82-a710-499a-a360-91371dc6dd92', 'catalog-private-assets', 'variants/8224de0f-b226-4fd1-96db-cef8ac1d2849/medium/1b8c3e82-a710-499a-a360-91371dc6dd92.jpg', 'private', 'active', 'sofa_source_photo_variant', 'image/jpeg', 114993, 1024, 1280, null, '2026-05-11T02:57:10.642806+00:00', null, null),
  ('1d62ab8f-d806-45a2-a848-5073f34a5d63', 'catalog-private-assets', 'renders/77b8c4e4-3504-4770-93bd-f52d4c272b31/e1489381-c685-4a7a-9dad-1c81e63c4181/41a078f9-a119-43a7-88cd-3103cd14cb15/candidates/a5fe5d13-d76e-4550-aab9-1076d9bab99a/output.png', 'private', 'active', 'fabric_render_candidate', 'image/jpeg', 640686, 1200, 896, null, '2026-05-04T05:44:49.720646+00:00', null, null),
  ('230637a4-41f9-4902-b1a0-35492d03d21b', 'catalog-private-assets', 'renders/757a82f9-d70d-4033-ad32-84c0914757bb/e1489381-c685-4a7a-9dad-1c81e63c4181/be78b146-73ec-45fa-b9fe-52ab57446ef7/candidates/eb43e432-6f64-4280-94d8-de2aa4f71ac6/output.png', 'private', 'active', 'fabric_render_candidate', 'image/jpeg', 455347, 928, 1152, null, '2026-05-04T05:45:41.790682+00:00', null, null),
  ('2b014fa9-bafa-483e-8e2b-3ac51e1378b5', 'catalog-private-assets', 'variants/d54b82f0-a94b-4449-88cb-021f06ee57a4/medium/2b014fa9-bafa-483e-8e2b-3ac51e1378b5.jpg', 'private', 'active', 'sofa_source_photo_variant', 'image/jpeg', 115704, 1280, 960, null, '2026-05-11T02:57:15.685162+00:00', null, null),
  ('2b97a0bf-201c-451f-b50d-ca73b11938be', 'catalog-private-assets', 'variants/87edbe2b-353e-4836-8eef-e985fc6a4f1a/small/2b97a0bf-201c-451f-b50d-ca73b11938be.jpg', 'private', 'active', 'sofa_source_photo_variant', 'image/jpeg', 11135, 320, 240, null, '2026-05-11T02:57:11.595749+00:00', null, null),
  ('2ca0f013-1641-4828-88b4-e2d477a3bc6f', 'catalog-public-assets', 'local-admin-fixtures/mobel-local/fabrics/beige-dotted/swatch.png', 'public', 'active', 'fabric_swatch_public', 'image/png', 104193, 256, 256, '455067dfaf28548363e945b5504eee99b438e8c378c1ee5bb3c4033b8f80b761', '2026-05-04T04:34:23.491132+00:00', null, null),
  ('2ccbcb4b-43de-4a8b-9897-54e95b255d27', 'catalog-private-assets', 'variants/1ab9b1b6-35fd-4109-9081-0cdf7834439a/medium/2ccbcb4b-43de-4a8b-9897-54e95b255d27.jpg', 'private', 'active', 'sofa_source_photo_variant', 'image/jpeg', 127994, 1024, 1280, null, '2026-05-11T02:55:09.744556+00:00', null, null),
  ('31b1a35b-5db9-4583-a527-ea362c21c7af', 'catalog-private-assets', 'local-admin-fixtures/mobel-local/sofas/mobel-sofa-04/positions/1-source.png', 'private', 'active', 'sofa_source_photo', 'image/png', 1136038, 1122, 1402, '5cd8e6ef353311291750b8d60cd19e5dc189f7d5ea88c014957be53626072ced', '2026-05-04T04:34:27.605604+00:00', null, null),
  ('36b4e17e-43d6-4717-bc01-222bfe07224d', 'catalog-public-assets', 'local-admin-fixtures/mobel-local/fabrics/beige-textured/swatch.png', 'public', 'active', 'fabric_swatch_public', 'image/png', 114195, 256, 256, '5a8a486a6e5127f6154eb6938e6d093e697c4b9f257263f546a8320639785511', '2026-05-04T04:34:23.808549+00:00', null, null),
  ('38eb9e49-57db-4b83-9c84-9ffff2c80930', 'catalog-private-assets', 'variants/60d2d4e6-c724-45fb-9868-a99aa5d0bc1d/medium/38eb9e49-57db-4b83-9c84-9ffff2c80930.jpg', 'private', 'active', 'sofa_source_photo_variant', 'image/jpeg', 159550, 1280, 960, null, '2026-05-11T02:57:08.607473+00:00', null, null),
  ('3e8d9b49-d930-4668-88d9-21b1ae88a969', 'catalog-private-assets', 'variants/d4c2f2ab-d0f2-4c0f-a823-afae7cb6fd27/medium/3e8d9b49-d930-4668-88d9-21b1ae88a969.jpg', 'private', 'active', 'sofa_source_photo_variant', 'image/jpeg', 132214, 1280, 960, null, '2026-05-11T02:57:14.710705+00:00', null, null),
  ('412ee0d5-0408-4e6d-a5ca-9c132c7f470c', 'catalog-private-assets', 'variants/60d2d4e6-c724-45fb-9868-a99aa5d0bc1d/small/412ee0d5-0408-4e6d-a5ca-9c132c7f470c.jpg', 'private', 'active', 'sofa_source_photo_variant', 'image/jpeg', 14816, 320, 240, null, '2026-05-11T02:57:08.566673+00:00', null, null),
  ('4d289a6a-adf6-48da-86a9-36edba724bed', 'catalog-private-assets', 'variants/ce415c7e-c920-4e71-a7d2-486a91100d29/small/4d289a6a-adf6-48da-86a9-36edba724bed.jpg', 'private', 'active', 'sofa_source_photo_variant', 'image/jpeg', 11257, 320, 240, null, '2026-05-11T02:57:13.653785+00:00', null, null),
  ('4df99c5a-7f42-491b-b0a5-2cbd9aff2f96', 'catalog-private-assets', 'local-admin-fixtures/mobel-local/fabrics/beige-dotted/ai-reference.jpg', 'private', 'active', 'fabric_ai_reference', 'image/jpeg', 865987, 1536, 2048, '4b8578c6bd78bf73e74f8662660c10e4adbfb3cae0b9928a71b1e88c995c149d', '2026-05-04T04:34:23.59053+00:00', null, null),
  ('50bfc393-ba1a-4310-953a-e9db81b52072', 'catalog-private-assets', 'variants/ff3cda99-2782-4068-9b86-f59ff9622d3e/small/50bfc393-ba1a-4310-953a-e9db81b52072.jpg', 'private', 'active', 'sofa_source_photo_variant', 'image/jpeg', 10485, 320, 240, null, '2026-05-11T02:57:17.686047+00:00', null, null),
  ('5540cc90-8994-46a2-ac11-b99ea0861008', 'catalog-public-assets', 'fabrics/pending/swatches/d0e9d871-0fc1-405e-a7cb-1476e01164e3.jpg', 'public', 'active', 'fabric_swatch_public', 'image/jpeg', 94414, 512, 512, null, '2026-05-04T05:22:13.258487+00:00', null, null),
  ('58f661d0-3e75-4df8-a5dd-739f3ab21f72', 'catalog-private-assets', 'fabrics/pending/ai-references/ff972e4a-deb3-4b1f-867d-f8d7c91caea4.webp', 'private', 'active', 'fabric_ai_reference', 'image/webp', 699016, 1536, 2048, null, '2026-05-04T05:26:22.737934+00:00', null, null),
  ('60d2d4e6-c724-45fb-9868-a99aa5d0bc1d', 'catalog-private-assets', 'local-admin-fixtures/mobel-local/sofas/mobel-sofa-01/positions/3-source.png', 'private', 'active', 'sofa_source_photo', 'image/png', 1449059, 1448, 1086, '9bbaf6119f52054bd9c346e88a6e15dd953b4252ecd5b67880c4a66b67312c28', '2026-05-04T04:34:25.652619+00:00', null, null),
  ('6304756c-e1aa-439b-93fc-2a1c9631ea20', 'catalog-private-assets', 'renders/77b8c4e4-3504-4770-93bd-f52d4c272b31/e1489381-c685-4a7a-9dad-1c81e63c4181/41a078f9-a119-43a7-88cd-3103cd14cb15/candidates/99070d1e-4597-4ae8-8b6f-a55f2c95ec2c/output.png', 'private', 'active', 'fabric_render_candidate', 'image/jpeg', 631723, 1200, 896, null, '2026-05-04T05:46:04.463675+00:00', null, null),
  ('63076e31-b9a4-4916-ab7a-c0216a501732', 'catalog-private-assets', 'variants/f313db13-8ea4-4e1c-be00-52fc15c1970d/medium/63076e31-b9a4-4916-ab7a-c0216a501732.jpg', 'private', 'active', 'sofa_source_photo_variant', 'image/jpeg', 144056, 1280, 960, null, '2026-05-11T02:57:16.716349+00:00', null, null),
  ('63e3449f-6076-4e23-951d-5c76ed3f8e30', 'catalog-private-assets', 'variants/bdbd175d-1e73-4998-9786-da2d39d7578e/small/63e3449f-6076-4e23-951d-5c76ed3f8e30.jpg', 'private', 'active', 'sofa_source_photo_variant', 'image/jpeg', 12526, 320, 240, null, '2026-05-11T02:57:12.59927+00:00', null, null),
  ('66137e5c-2e1a-46e6-9f7a-645bdd83dad2', 'catalog-private-assets', 'variants/87edbe2b-353e-4836-8eef-e985fc6a4f1a/medium/66137e5c-2e1a-46e6-9f7a-645bdd83dad2.jpg', 'private', 'active', 'sofa_source_photo_variant', 'image/jpeg', 110453, 1280, 960, null, '2026-05-11T02:57:11.642076+00:00', null, null),
  ('6af680a0-e1b2-485a-841b-891088f1fda4', 'catalog-private-assets', 'variants/787ad17d-001d-43e7-8daa-4ad94e91a472/small/6af680a0-e1b2-485a-841b-891088f1fda4.jpg', 'private', 'active', 'sofa_source_photo_variant', 'image/jpeg', 15501, 320, 240, null, '2026-05-11T02:57:09.616689+00:00', null, null),
  ('6d56e77c-a373-41bc-997f-c88c09acc234', 'catalog-private-assets', 'fabrics/pending/ai-references/457e5b70-d7ec-4369-8884-a891e1f9e5b8.webp', 'private', 'active', 'fabric_ai_reference', 'image/webp', 481944, 1400, 1867, null, '2026-05-04T05:19:34.426349+00:00', null, null),
  ('6da85287-4e68-42f2-8586-23e108f8bce1', 'catalog-public-assets', 'fabrics/pending/swatches/c46ce1c0-dfd8-45bf-8674-b78f736ce1de.webp', 'public', 'active', 'fabric_swatch_public', 'image/webp', 29454, 512, 512, null, '2026-05-04T05:26:22.355291+00:00', null, null),
  ('787ad17d-001d-43e7-8daa-4ad94e91a472', 'catalog-private-assets', 'local-admin-fixtures/mobel-local/sofas/mobel-sofa-03/positions/1-source.png', 'private', 'active', 'sofa_source_photo', 'image/png', 1809449, 1448, 1086, '49bd24ab8e45106c69bec32a3bbaeb354d909d81e497279d8f3e352c02bb4132', '2026-05-04T04:34:26.756977+00:00', null, null),
  ('8224de0f-b226-4fd1-96db-cef8ac1d2849', 'catalog-private-assets', 'local-admin-fixtures/mobel-local/sofas/mobel-sofa-04/positions/2-source.png', 'private', 'active', 'sofa_source_photo', 'image/png', 1046469, 1122, 1402, '8b103316fc868cdaf6ea72106162078ec810c745d447bf29ae970e59b702ff12', '2026-05-04T04:34:27.693386+00:00', null, null),
  ('82594f12-454c-4316-a021-1c9fff6aba86', 'catalog-private-assets', 'variants/ce415c7e-c920-4e71-a7d2-486a91100d29/medium/82594f12-454c-4316-a021-1c9fff6aba86.jpg', 'private', 'active', 'sofa_source_photo_variant', 'image/jpeg', 115369, 1280, 960, null, '2026-05-11T02:57:13.687533+00:00', null, null),
  ('87edbe2b-353e-4836-8eef-e985fc6a4f1a', 'catalog-private-assets', 'local-admin-fixtures/mobel-local/sofas/mobel-sofa-03/positions/3-source.png', 'private', 'active', 'sofa_source_photo', 'image/png', 1140603, 1448, 1086, 'f5703d3a53703aa7ef213f4c489f472837e5cf81dc255e1bc82161a130f6bf17', '2026-05-04T04:34:27.196659+00:00', null, null),
  ('884b9850-111a-41be-994a-9cdbd430f483', 'catalog-private-assets', 'renders/77b8c4e4-3504-4770-93bd-f52d4c272b31/0d1862ff-fbe6-4396-8e12-be7aa44e4064/41a078f9-a119-43a7-88cd-3103cd14cb15/candidates/a9c4ce9b-51d9-491b-9d34-c687ddf1e594/output.png', 'private', 'active', 'fabric_render_candidate', 'image/jpeg', 525043, 1200, 896, null, '2026-05-04T05:45:14.645553+00:00', null, null),
  ('8c3bddf6-de50-40da-8dd5-da4e3f5430b6', 'catalog-private-assets', 'local-admin-fixtures/mobel-local/sofas/mobel-sofa-05/positions/1-source.png', 'private', 'active', 'sofa_source_photo', 'image/png', 1855405, 1448, 1086, 'de3e8cbf0c6fe933e291b3e16021febb36c9cf7ff0c04d3157b507ba226296d0', '2026-05-04T04:34:27.921298+00:00', null, null),
  ('8e2f0dfd-2aea-4914-be8b-cb5f5a663513', 'catalog-private-assets', 'variants/31b1a35b-5db9-4583-a527-ea362c21c7af/small/8e2f0dfd-2aea-4914-be8b-cb5f5a663513.jpg', 'private', 'active', 'sofa_source_photo_variant', 'image/jpeg', 10759, 256, 320, null, '2026-05-11T02:57:07.423198+00:00', null, null),
  ('9cafe562-5e82-4568-8ae9-21c54eb8ca3f', 'catalog-private-assets', 'variants/d54b82f0-a94b-4449-88cb-021f06ee57a4/small/9cafe562-5e82-4568-8ae9-21c54eb8ca3f.jpg', 'private', 'active', 'sofa_source_photo_variant', 'image/jpeg', 10595, 320, 240, null, '2026-05-11T02:57:15.646206+00:00', null, null),
  ('9e91b0fc-7dd3-42e4-8dfc-9eb279f218f9', 'catalog-private-assets', 'variants/31b1a35b-5db9-4583-a527-ea362c21c7af/medium/9e91b0fc-7dd3-42e4-8dfc-9eb279f218f9.jpg', 'private', 'active', 'sofa_source_photo_variant', 'image/jpeg', 115038, 1024, 1280, null, '2026-05-11T02:57:07.502482+00:00', null, null),
  ('9ec3def1-945e-4ecc-beb1-113cb686f59f', 'catalog-private-assets', 'variants/ff3cda99-2782-4068-9b86-f59ff9622d3e/medium/9ec3def1-945e-4ecc-beb1-113cb686f59f.jpg', 'private', 'active', 'sofa_source_photo_variant', 'image/jpeg', 111721, 1280, 960, null, '2026-05-11T02:57:17.724059+00:00', null, null),
  ('a70fe8f4-e4f6-4fcc-a74f-30dd8aea041d', 'catalog-public-assets', 'sofas/77b8c4e4-3504-4770-93bd-f52d4c272b31/renders/a2131f04-a2b6-47cd-83da-e9fba42e9aff/a70fe8f4-e4f6-4fcc-a74f-30dd8aea041d.jpg', 'public', 'active', 'published_sofa_render', 'image/jpeg', 584837, 1200, 896, null, '2026-05-04T05:47:17.470429+00:00', null, null),
  ('ac87cfb2-5d41-4ab5-8456-bf55074187c6', 'catalog-public-assets', 'fabrics/pending/swatches/fdf69ba6-4d93-4943-a134-18dc7c6d593f.jpg', 'public', 'active', 'fabric_swatch_public', 'image/jpeg', 100397, 512, 512, null, '2026-05-04T05:19:34.414691+00:00', null, null),
  ('adc4cfb0-b1f4-47cb-8780-25ecb08d6fb3', 'catalog-private-assets', 'variants/d4c2f2ab-d0f2-4c0f-a823-afae7cb6fd27/small/adc4cfb0-b1f4-47cb-8780-25ecb08d6fb3.jpg', 'private', 'active', 'sofa_source_photo_variant', 'image/jpeg', 12374, 320, 240, null, '2026-05-11T02:57:14.666593+00:00', null, null),
  ('b55447a3-78ef-4675-88f6-0da6328266e0', 'catalog-public-assets', 'sofas/77b8c4e4-3504-4770-93bd-f52d4c272b31/renders/4ccaf0ec-4351-4645-b857-5f9c9a2319fc/b55447a3-78ef-4675-88f6-0da6328266e0.jpg', 'public', 'active', 'published_sofa_render', 'image/jpeg', 631723, 1200, 896, null, '2026-05-04T05:47:17.470429+00:00', null, null),
  ('b5b75cce-1aa1-440b-9e00-6ffc85004f05', 'catalog-public-assets', 'sofas/77b8c4e4-3504-4770-93bd-f52d4c272b31/renders/afc2c64b-3f15-4af7-a616-f87d89ee27a2/b5b75cce-1aa1-440b-9e00-6ffc85004f05.png', 'public', 'active', 'published_sofa_render', 'image/png', 1855405, 1448, 1086, null, '2026-05-04T05:47:17.470429+00:00', null, null),
  ('bdbd175d-1e73-4998-9786-da2d39d7578e', 'catalog-private-assets', 'local-admin-fixtures/mobel-local/sofas/mobel-sofa-03/positions/2-source.png', 'private', 'active', 'sofa_source_photo', 'image/png', 1333470, 1448, 1086, '319be0fdacc55460f836ef42296dfb79d76a735c29f8d8511f6bbf8302cad3ae', '2026-05-04T04:34:26.968711+00:00', null, null),
  ('c713e9da-40ab-43a8-9f8e-7c0e0a3d2c4b', 'catalog-private-assets', 'renders/77b8c4e4-3504-4770-93bd-f52d4c272b31/0d1862ff-fbe6-4396-8e12-be7aa44e4064/41a078f9-a119-43a7-88cd-3103cd14cb15/candidates/3073ffdc-86d1-4f87-a090-da71711b3b47/output.png', 'private', 'active', 'fabric_render_candidate', 'image/jpeg', 584837, 1200, 896, null, '2026-05-04T05:46:26.357839+00:00', null, null),
  ('cd421645-af88-40e0-a386-6fd353018007', 'catalog-private-assets', 'variants/bdbd175d-1e73-4998-9786-da2d39d7578e/medium/cd421645-af88-40e0-a386-6fd353018007.jpg', 'private', 'active', 'sofa_source_photo_variant', 'image/jpeg', 127093, 1280, 960, null, '2026-05-11T02:57:12.633119+00:00', null, null),
  ('ce415c7e-c920-4e71-a7d2-486a91100d29', 'catalog-private-assets', 'local-admin-fixtures/mobel-local/sofas/mobel-sofa-02/positions/1-source.png', 'private', 'active', 'sofa_source_photo', 'image/png', 1097535, 1448, 1086, '53f3e080cd4eb1f41270348f59256daa7020fa3ace0a49624a924be61c7aaa85', '2026-05-04T04:34:25.97752+00:00', null, null),
  ('d2914451-f6ca-46a4-b097-3fec36225911', 'catalog-private-assets', 'variants/787ad17d-001d-43e7-8daa-4ad94e91a472/medium/d2914451-f6ca-46a4-b097-3fec36225911.jpg', 'private', 'active', 'sofa_source_photo_variant', 'image/jpeg', 161581, 1280, 960, null, '2026-05-11T02:57:09.659975+00:00', null, null),
  ('d4c2f2ab-d0f2-4c0f-a823-afae7cb6fd27', 'catalog-private-assets', 'local-admin-fixtures/mobel-local/sofas/mobel-sofa-01/positions/1-source.png', 'private', 'active', 'sofa_source_photo', 'image/png', 1290636, 1448, 1086, '64bdb8403777f6ab18ac208602be068133440f057e033b5607868b096c918ad1', '2026-05-04T04:34:25.073051+00:00', null, null),
  ('d54b82f0-a94b-4449-88cb-021f06ee57a4', 'catalog-private-assets', 'local-admin-fixtures/mobel-local/sofas/mobel-sofa-02/positions/2-source.png', 'private', 'active', 'sofa_source_photo', 'image/png', 1142970, 1448, 1086, '270972e829b0fbabfed3dc09dbae02d631ee938e7c68a365df2d3c8652a1b08c', '2026-05-04T04:34:26.212878+00:00', null, null),
  ('e152967d-f1fd-4a52-989e-958ce662239e', 'catalog-private-assets', 'local-admin-fixtures/mobel-local/fabrics/grey-soft/ai-reference.jpg', 'private', 'active', 'fabric_ai_reference', 'image/jpeg', 798678, 1536, 2048, 'ae3574d25d0a4b66ec43ef56db1d7ef4a89d525d553a3f9d09db31f5c4557182', '2026-05-04T04:34:23.364651+00:00', null, null),
  ('ef32c11d-a514-4f22-8b9d-7079a3ac391f', 'catalog-private-assets', 'fabrics/pending/ai-references/4e04f75f-388b-4a70-bc92-e0c0374cd341.jpg', 'private', 'active', 'fabric_ai_reference', 'image/jpeg', 940792, 1536, 2048, null, '2026-05-04T05:22:13.298029+00:00', null, null),
  ('f313db13-8ea4-4e1c-be00-52fc15c1970d', 'catalog-private-assets', 'local-admin-fixtures/mobel-local/sofas/mobel-sofa-01/positions/2-source.png', 'private', 'active', 'sofa_source_photo', 'image/png', 1274597, 1448, 1086, '4607cbaeef6a2a12c4c35b069a7ff3a8bc45e6ea0898f2662f4b2aca5c9edab3', '2026-05-04T04:34:25.41247+00:00', null, null),
  ('f5ed19cf-27eb-4720-ac63-fc22483ae26b', 'catalog-public-assets', 'local-admin-fixtures/mobel-local/fabrics/grey-soft/swatch.png', 'public', 'active', 'fabric_swatch_public', 'image/png', 106244, 256, 256, '5314aaa3097132036e346f0f1fad757a5d6c6ceb5a0a2761d66ce1dbde681b36', '2026-05-04T04:34:23.258819+00:00', null, null),
  ('f626fd2f-ca5f-4af8-86eb-495b3c3e12f7', 'catalog-private-assets', 'variants/1ab9b1b6-35fd-4109-9081-0cdf7834439a/small/f626fd2f-ca5f-4af8-86eb-495b3c3e12f7.jpg', 'private', 'active', 'sofa_source_photo_variant', 'image/jpeg', 11633, 256, 320, null, '2026-05-11T02:55:09.643736+00:00', null, null),
  ('f71d125f-f12d-4d35-a16c-f86d0b99a353', 'catalog-private-assets', 'local-admin-fixtures/mobel-local/fabrics/beige-textured/ai-reference.jpg', 'private', 'active', 'fabric_ai_reference', 'image/jpeg', 1114932, 1536, 2048, '66fa6ac2a20a81ce4394b2501271af7b45b59c87a4ef3c632561c7cab1d04443', '2026-05-04T04:34:24.45277+00:00', null, null),
  ('ff3cda99-2782-4068-9b86-f59ff9622d3e', 'catalog-private-assets', 'local-admin-fixtures/mobel-local/sofas/mobel-sofa-02/positions/3-source.png', 'private', 'active', 'sofa_source_photo', 'image/png', 1131175, 1448, 1086, 'df9cdbf16b099019ef8256b79abe74c8db7d73bf790093449957374945faa453', '2026-05-04T04:34:26.415533+00:00', null, null);

insert into public.storage_asset_variants (original_asset_id, variant_kind, variant_asset_id, generation_kind, created_at, updated_at) values
  ('1ab9b1b6-35fd-4109-9081-0cdf7834439a', 'medium', '2ccbcb4b-43de-4a8b-9897-54e95b255d27', 'stored', '2026-05-11T02:55:09.769565+00:00', '2026-05-11T02:55:09.769565+00:00'),
  ('1ab9b1b6-35fd-4109-9081-0cdf7834439a', 'small', 'f626fd2f-ca5f-4af8-86eb-495b3c3e12f7', 'stored', '2026-05-11T02:55:09.676323+00:00', '2026-05-11T02:55:09.676323+00:00'),
  ('31b1a35b-5db9-4583-a527-ea362c21c7af', 'medium', '9e91b0fc-7dd3-42e4-8dfc-9eb279f218f9', 'stored', '2026-05-11T02:57:07.533278+00:00', '2026-05-11T02:57:07.533278+00:00'),
  ('31b1a35b-5db9-4583-a527-ea362c21c7af', 'small', '8e2f0dfd-2aea-4914-be8b-cb5f5a663513', 'stored', '2026-05-11T02:57:07.45142+00:00', '2026-05-11T02:57:07.45142+00:00'),
  ('60d2d4e6-c724-45fb-9868-a99aa5d0bc1d', 'medium', '38eb9e49-57db-4b83-9c84-9ffff2c80930', 'stored', '2026-05-11T02:57:08.614656+00:00', '2026-05-11T02:57:08.614656+00:00'),
  ('60d2d4e6-c724-45fb-9868-a99aa5d0bc1d', 'small', '412ee0d5-0408-4e6d-a5ca-9c132c7f470c', 'stored', '2026-05-11T02:57:08.573886+00:00', '2026-05-11T02:57:08.573886+00:00'),
  ('787ad17d-001d-43e7-8daa-4ad94e91a472', 'medium', 'd2914451-f6ca-46a4-b097-3fec36225911', 'stored', '2026-05-11T02:57:09.667749+00:00', '2026-05-11T02:57:09.667749+00:00'),
  ('787ad17d-001d-43e7-8daa-4ad94e91a472', 'small', '6af680a0-e1b2-485a-841b-891088f1fda4', 'stored', '2026-05-11T02:57:09.624583+00:00', '2026-05-11T02:57:09.624583+00:00'),
  ('8224de0f-b226-4fd1-96db-cef8ac1d2849', 'medium', '1b8c3e82-a710-499a-a360-91371dc6dd92', 'stored', '2026-05-11T02:57:10.649009+00:00', '2026-05-11T02:57:10.649009+00:00'),
  ('8224de0f-b226-4fd1-96db-cef8ac1d2849', 'small', '1206eed0-2ff1-40c7-80fb-4eb585fe67d3', 'stored', '2026-05-11T02:57:10.579555+00:00', '2026-05-11T02:57:10.579555+00:00'),
  ('87edbe2b-353e-4836-8eef-e985fc6a4f1a', 'medium', '66137e5c-2e1a-46e6-9f7a-645bdd83dad2', 'stored', '2026-05-11T02:57:11.651449+00:00', '2026-05-11T02:57:11.651449+00:00'),
  ('87edbe2b-353e-4836-8eef-e985fc6a4f1a', 'small', '2b97a0bf-201c-451f-b50d-ca73b11938be', 'stored', '2026-05-11T02:57:11.603051+00:00', '2026-05-11T02:57:11.603051+00:00'),
  ('bdbd175d-1e73-4998-9786-da2d39d7578e', 'medium', 'cd421645-af88-40e0-a386-6fd353018007', 'stored', '2026-05-11T02:57:12.638381+00:00', '2026-05-11T02:57:12.638381+00:00'),
  ('bdbd175d-1e73-4998-9786-da2d39d7578e', 'small', '63e3449f-6076-4e23-951d-5c76ed3f8e30', 'stored', '2026-05-11T02:57:12.604646+00:00', '2026-05-11T02:57:12.604646+00:00'),
  ('ce415c7e-c920-4e71-a7d2-486a91100d29', 'medium', '82594f12-454c-4316-a021-1c9fff6aba86', 'stored', '2026-05-11T02:57:13.693679+00:00', '2026-05-11T02:57:13.693679+00:00'),
  ('ce415c7e-c920-4e71-a7d2-486a91100d29', 'small', '4d289a6a-adf6-48da-86a9-36edba724bed', 'stored', '2026-05-11T02:57:13.660612+00:00', '2026-05-11T02:57:13.660612+00:00'),
  ('d4c2f2ab-d0f2-4c0f-a823-afae7cb6fd27', 'medium', '3e8d9b49-d930-4668-88d9-21b1ae88a969', 'stored', '2026-05-11T02:57:14.716342+00:00', '2026-05-11T02:57:14.716342+00:00'),
  ('d4c2f2ab-d0f2-4c0f-a823-afae7cb6fd27', 'small', 'adc4cfb0-b1f4-47cb-8780-25ecb08d6fb3', 'stored', '2026-05-11T02:57:14.673102+00:00', '2026-05-11T02:57:14.673102+00:00'),
  ('d54b82f0-a94b-4449-88cb-021f06ee57a4', 'medium', '2b014fa9-bafa-483e-8e2b-3ac51e1378b5', 'stored', '2026-05-11T02:57:15.691481+00:00', '2026-05-11T02:57:15.691481+00:00'),
  ('d54b82f0-a94b-4449-88cb-021f06ee57a4', 'small', '9cafe562-5e82-4568-8ae9-21c54eb8ca3f', 'stored', '2026-05-11T02:57:15.652723+00:00', '2026-05-11T02:57:15.652723+00:00'),
  ('f313db13-8ea4-4e1c-be00-52fc15c1970d', 'medium', '63076e31-b9a4-4916-ab7a-c0216a501732', 'stored', '2026-05-11T02:57:16.721858+00:00', '2026-05-11T02:57:16.721858+00:00'),
  ('f313db13-8ea4-4e1c-be00-52fc15c1970d', 'small', '05f0900c-48fd-4a6d-8517-821db816818b', 'stored', '2026-05-11T02:57:16.679985+00:00', '2026-05-11T02:57:16.679985+00:00'),
  ('ff3cda99-2782-4068-9b86-f59ff9622d3e', 'medium', '9ec3def1-945e-4ecc-beb1-113cb686f59f', 'stored', '2026-05-11T02:57:17.730775+00:00', '2026-05-11T02:57:17.730775+00:00'),
  ('ff3cda99-2782-4068-9b86-f59ff9622d3e', 'small', '50bfc393-ba1a-4310-953a-e9db81b52072', 'stored', '2026-05-11T02:57:17.694377+00:00', '2026-05-11T02:57:17.694377+00:00');

insert into public.public_tags (id, public_label, slug, created_at, updated_at) values
  ('12944381-c781-489b-a2bf-b38b0188032d', 'Mobel Local Soft', 'mobel-local-soft', '2026-05-04T04:34:23.155321+00:00', '2026-05-04T04:34:22.941+00:00'),
  ('a5ad4702-8c4f-4f2e-b73a-6e6e4f06ea3f', 'Mobel Local Corner', 'mobel-local-corner', '2026-05-04T04:34:23.129066+00:00', '2026-05-04T04:34:22.941+00:00'),
  ('a9fba0c7-cce6-481f-b3be-ed4e1a728121', 'Mobel Local Test', 'mobel-local-test', '2026-05-04T04:34:23.064859+00:00', '2026-05-04T04:34:22.941+00:00');

insert into public.fabrics (id, lifecycle_state, internal_name, public_name, swatch_asset_id, ai_reference_asset_id, is_premium, archived_at, created_at, updated_at) values
  ('0d1862ff-fbe6-4396-8e12-be7aa44e4064', 'active', 'mobel-local fabric beige dotted', 'Beige Dotted', '6da85287-4e68-42f2-8586-23e108f8bce1', '58f661d0-3e75-4df8-a5dd-739f3ab21f72', false, null, '2026-05-04T04:34:22.941+00:00', '2026-05-04T05:26:22.884365+00:00'),
  ('b74f7b48-efaa-4cde-9c00-3b373313f112', 'active', 'mobel-local fabric beige textured', 'Beige Textured', '5540cc90-8994-46a2-ac11-b99ea0861008', 'ef32c11d-a514-4f22-8b9d-7079a3ac391f', true, null, '2026-05-04T04:34:22.941+00:00', '2026-05-04T05:22:13.449958+00:00'),
  ('e1489381-c685-4a7a-9dad-1c81e63c4181', 'active', 'mobel-local fabric grey soft', 'Grey Soft', 'ac87cfb2-5d41-4ab5-8456-bf55074187c6', '6d56e77c-a373-41bc-997f-c88c09acc234', false, null, '2026-05-04T04:34:22.941+00:00', '2026-05-04T05:19:34.876953+00:00');

insert into public.sofas (id, lifecycle_state, internal_name, public_name, public_slug, shopify_order_url, public_description, length_cm, depth_cm, height_cm, footprint_type, footprint_measurements, manual_public_order, first_published_at, published_at, archived_at, created_at, updated_at) values
  ('1f6623b0-39ed-401e-bf62-bddcc8897dfd', 'draft', 'mobel-local sofa 02', 'Mobel Sofa 02', 'mobel-sofa-02', 'https://shopify.example/products/mobel-sofa-02', 'Local fixture corner sofa with three source photos.', 305, 200, 86, 'corner', '{"length_cm":305}'::jsonb, null, null, null, null, '2026-05-04T04:34:22.941+00:00', '2026-05-04T04:34:22.941+00:00'),
  ('5005dcfd-a203-4283-b01b-28f3a61ea511', 'draft', 'mobel-local sofa 01', 'Mobel Sofa 01', 'mobel-sofa-01', 'https://shopify.example/products/mobel-sofa-01', 'Local fixture corner sofa with three source photos.', 275, 190, 106, 'corner', '{"length_cm":275}'::jsonb, null, null, null, null, '2026-05-04T04:34:22.941+00:00', '2026-05-04T04:34:22.941+00:00'),
  ('54f6ddd4-63ae-4e8b-8c67-e754acf4a1f1', 'draft', 'mobel-local sofa 03', 'Mobel Sofa 03', 'mobel-sofa-03', 'https://shopify.example/products/mobel-sofa-03', 'Local fixture corner sofa with three source photos.', 283, 200, 99, 'corner', '{"length_cm":283}'::jsonb, null, null, null, null, '2026-05-04T04:34:22.941+00:00', '2026-05-04T04:34:22.941+00:00'),
  ('757a82f9-d70d-4033-ad32-84c0914757bb', 'draft', 'mobel-local sofa 04', 'Mobel Sofa 04', 'mobel-sofa-04', 'https://shopify.example/products/mobel-sofa-04', 'Local fixture straight sofa with three source photos.', 210, 170, 83, 'straight', '{"length_cm":210}'::jsonb, null, null, null, null, '2026-05-04T04:34:22.941+00:00', '2026-05-04T04:34:22.941+00:00'),
  ('77b8c4e4-3504-4770-93bd-f52d4c272b31', 'published', 'mobel-local sofa 05', 'Mobel Sofa 05', 'mobel-sofa-05', 'https://shopify.example/products/mobel-sofa-05', 'Local fixture corner sofa with one source photo.', 295, 158, 86, 'corner', '{"length_cm":295}'::jsonb, null, '2026-05-04T05:47:17.470429+00:00', '2026-05-11T02:54:04.817932+00:00', null, '2026-05-04T04:34:22.941+00:00', '2026-05-04T05:47:17.470429+00:00');

insert into public.sofa_fabrics (sofa_id, fabric_id, public_order, assigned_at, updated_at) values
  ('1f6623b0-39ed-401e-bf62-bddcc8897dfd', '0d1862ff-fbe6-4396-8e12-be7aa44e4064', 2, '2026-05-04T04:34:22.941+00:00', '2026-05-04T04:34:22.941+00:00'),
  ('1f6623b0-39ed-401e-bf62-bddcc8897dfd', 'b74f7b48-efaa-4cde-9c00-3b373313f112', 3, '2026-05-04T04:34:22.941+00:00', '2026-05-04T04:34:22.941+00:00'),
  ('1f6623b0-39ed-401e-bf62-bddcc8897dfd', 'e1489381-c685-4a7a-9dad-1c81e63c4181', 1, '2026-05-04T04:34:22.941+00:00', '2026-05-04T04:34:22.941+00:00'),
  ('5005dcfd-a203-4283-b01b-28f3a61ea511', '0d1862ff-fbe6-4396-8e12-be7aa44e4064', 2, '2026-05-04T04:34:22.941+00:00', '2026-05-04T04:34:22.941+00:00'),
  ('5005dcfd-a203-4283-b01b-28f3a61ea511', 'b74f7b48-efaa-4cde-9c00-3b373313f112', 3, '2026-05-04T04:34:22.941+00:00', '2026-05-04T04:34:22.941+00:00'),
  ('5005dcfd-a203-4283-b01b-28f3a61ea511', 'e1489381-c685-4a7a-9dad-1c81e63c4181', 1, '2026-05-04T04:34:22.941+00:00', '2026-05-04T04:34:22.941+00:00'),
  ('54f6ddd4-63ae-4e8b-8c67-e754acf4a1f1', '0d1862ff-fbe6-4396-8e12-be7aa44e4064', 2, '2026-05-04T04:34:22.941+00:00', '2026-05-04T04:34:22.941+00:00'),
  ('54f6ddd4-63ae-4e8b-8c67-e754acf4a1f1', 'b74f7b48-efaa-4cde-9c00-3b373313f112', 3, '2026-05-04T04:34:22.941+00:00', '2026-05-04T04:34:22.941+00:00'),
  ('54f6ddd4-63ae-4e8b-8c67-e754acf4a1f1', 'e1489381-c685-4a7a-9dad-1c81e63c4181', 1, '2026-05-04T04:34:22.941+00:00', '2026-05-04T04:34:22.941+00:00'),
  ('757a82f9-d70d-4033-ad32-84c0914757bb', '0d1862ff-fbe6-4396-8e12-be7aa44e4064', 2, '2026-05-04T04:34:22.941+00:00', '2026-05-04T04:34:22.941+00:00'),
  ('757a82f9-d70d-4033-ad32-84c0914757bb', 'b74f7b48-efaa-4cde-9c00-3b373313f112', 3, '2026-05-04T04:34:22.941+00:00', '2026-05-04T04:34:22.941+00:00'),
  ('757a82f9-d70d-4033-ad32-84c0914757bb', 'e1489381-c685-4a7a-9dad-1c81e63c4181', 1, '2026-05-04T04:34:22.941+00:00', '2026-05-04T04:34:22.941+00:00'),
  ('77b8c4e4-3504-4770-93bd-f52d4c272b31', '0d1862ff-fbe6-4396-8e12-be7aa44e4064', 2, '2026-05-04T04:34:22.941+00:00', '2026-05-04T04:34:22.941+00:00'),
  ('77b8c4e4-3504-4770-93bd-f52d4c272b31', 'b74f7b48-efaa-4cde-9c00-3b373313f112', 3, '2026-05-04T04:34:22.941+00:00', '2026-05-04T04:34:22.941+00:00'),
  ('77b8c4e4-3504-4770-93bd-f52d4c272b31', 'e1489381-c685-4a7a-9dad-1c81e63c4181', 1, '2026-05-04T04:34:22.941+00:00', '2026-05-04T04:34:22.941+00:00');

insert into public.sofa_tags (sofa_id, tag_id, created_at) values
  ('1f6623b0-39ed-401e-bf62-bddcc8897dfd', 'a5ad4702-8c4f-4f2e-b73a-6e6e4f06ea3f', '2026-05-04T04:34:22.941+00:00'),
  ('1f6623b0-39ed-401e-bf62-bddcc8897dfd', 'a9fba0c7-cce6-481f-b3be-ed4e1a728121', '2026-05-04T04:34:22.941+00:00'),
  ('5005dcfd-a203-4283-b01b-28f3a61ea511', 'a5ad4702-8c4f-4f2e-b73a-6e6e4f06ea3f', '2026-05-04T04:34:22.941+00:00'),
  ('5005dcfd-a203-4283-b01b-28f3a61ea511', 'a9fba0c7-cce6-481f-b3be-ed4e1a728121', '2026-05-04T04:34:22.941+00:00'),
  ('54f6ddd4-63ae-4e8b-8c67-e754acf4a1f1', 'a5ad4702-8c4f-4f2e-b73a-6e6e4f06ea3f', '2026-05-04T04:34:22.941+00:00'),
  ('54f6ddd4-63ae-4e8b-8c67-e754acf4a1f1', 'a9fba0c7-cce6-481f-b3be-ed4e1a728121', '2026-05-04T04:34:22.941+00:00'),
  ('757a82f9-d70d-4033-ad32-84c0914757bb', '12944381-c781-489b-a2bf-b38b0188032d', '2026-05-04T04:34:22.941+00:00'),
  ('757a82f9-d70d-4033-ad32-84c0914757bb', 'a9fba0c7-cce6-481f-b3be-ed4e1a728121', '2026-05-04T04:34:22.941+00:00'),
  ('77b8c4e4-3504-4770-93bd-f52d4c272b31', 'a5ad4702-8c4f-4f2e-b73a-6e6e4f06ea3f', '2026-05-04T04:34:22.941+00:00'),
  ('77b8c4e4-3504-4770-93bd-f52d4c272b31', 'a9fba0c7-cce6-481f-b3be-ed4e1a728121', '2026-05-04T04:34:22.941+00:00');

insert into public.visual_matrix_columns (id, sofa_id, sequence, admin_label, public_label, current_source_photo_id, deleted_at, created_at, updated_at) values
  ('383a69ab-8e30-496e-b484-2db637905762', '1f6623b0-39ed-401e-bf62-bddcc8897dfd', 3, 'View 3', 'View 3', null, null, '2026-05-04T04:34:22.941+00:00', '2026-05-11T02:54:04.817932+00:00'),
  ('3b6fb5ab-b3ba-4700-a440-7a00b1f6db02', '1f6623b0-39ed-401e-bf62-bddcc8897dfd', 1, 'View 1', 'View 1', null, null, '2026-05-04T04:34:22.941+00:00', '2026-05-11T02:54:04.817932+00:00'),
  ('3fb26e0e-2171-4d84-b7b0-945c45ddd3d5', '5005dcfd-a203-4283-b01b-28f3a61ea511', 1, 'View 1', 'View 1', null, null, '2026-05-04T04:34:22.941+00:00', '2026-05-11T02:54:04.817932+00:00'),
  ('41a078f9-a119-43a7-88cd-3103cd14cb15', '77b8c4e4-3504-4770-93bd-f52d4c272b31', 1, 'View 1', 'View 1', null, null, '2026-05-04T04:34:22.941+00:00', '2026-05-11T02:54:04.817932+00:00'),
  ('42f1150e-7c55-4246-a767-4a2d52449855', '54f6ddd4-63ae-4e8b-8c67-e754acf4a1f1', 2, 'View 2', 'View 2', null, null, '2026-05-04T04:34:22.941+00:00', '2026-05-11T02:54:04.817932+00:00'),
  ('9748e5de-78f4-4ccf-9dea-7c3d79fdd86d', '5005dcfd-a203-4283-b01b-28f3a61ea511', 2, 'View 2', 'View 2', null, null, '2026-05-04T04:34:22.941+00:00', '2026-05-11T02:54:04.817932+00:00'),
  ('9b6e7350-8e67-47e3-b151-f646674397c6', '1f6623b0-39ed-401e-bf62-bddcc8897dfd', 2, 'View 2', 'View 2', null, null, '2026-05-04T04:34:22.941+00:00', '2026-05-11T02:54:04.817932+00:00'),
  ('a4261d1c-f3f1-4468-a74f-efd0185dbf14', '757a82f9-d70d-4033-ad32-84c0914757bb', 3, 'View 3', 'View 3', null, null, '2026-05-04T04:34:22.941+00:00', '2026-05-11T02:54:04.817932+00:00'),
  ('be78b146-73ec-45fa-b9fe-52ab57446ef7', '757a82f9-d70d-4033-ad32-84c0914757bb', 1, 'View 1', 'View 1', null, null, '2026-05-04T04:34:22.941+00:00', '2026-05-11T02:54:04.817932+00:00'),
  ('c2147abe-4da5-49ec-bf56-f87e00c9b17f', '757a82f9-d70d-4033-ad32-84c0914757bb', 2, 'View 2', 'View 2', null, null, '2026-05-04T04:34:22.941+00:00', '2026-05-11T02:54:04.817932+00:00'),
  ('da6987c0-8e17-43a3-a064-54dd9ee4de4b', '54f6ddd4-63ae-4e8b-8c67-e754acf4a1f1', 3, 'View 3', 'View 3', null, null, '2026-05-04T04:34:22.941+00:00', '2026-05-11T02:54:04.817932+00:00'),
  ('e0303ee7-ec1d-4b7d-b64f-0a161f2ebb7e', '5005dcfd-a203-4283-b01b-28f3a61ea511', 3, 'View 3', 'View 3', null, null, '2026-05-04T04:34:22.941+00:00', '2026-05-11T02:54:04.817932+00:00'),
  ('fec77dd4-2cb4-4228-9b2e-e8acd90c6350', '54f6ddd4-63ae-4e8b-8c67-e754acf4a1f1', 1, 'View 1', 'View 1', null, null, '2026-05-04T04:34:22.941+00:00', '2026-05-11T02:54:04.817932+00:00');

insert into public.sofa_source_photos (id, sofa_id, visual_matrix_column_id, original_fabric_id, asset_id, created_at, updated_at) values
  ('1bcab047-e144-4b2a-85ce-859408d7b0d3', '757a82f9-d70d-4033-ad32-84c0914757bb', 'a4261d1c-f3f1-4468-a74f-efd0185dbf14', '0d1862ff-fbe6-4396-8e12-be7aa44e4064', '1ab9b1b6-35fd-4109-9081-0cdf7834439a', '2026-05-04T04:34:27.787579+00:00', '2026-05-04T05:30:58.633044+00:00'),
  ('2dde657d-382b-4f38-89b8-ef41775b8b9d', '5005dcfd-a203-4283-b01b-28f3a61ea511', '9748e5de-78f4-4ccf-9dea-7c3d79fdd86d', 'b74f7b48-efaa-4cde-9c00-3b373313f112', 'f313db13-8ea4-4e1c-be00-52fc15c1970d', '2026-05-04T04:34:25.450861+00:00', '2026-05-04T04:34:22.941+00:00'),
  ('3146113a-ae20-420a-8c6c-ae44a8e6c3f9', '54f6ddd4-63ae-4e8b-8c67-e754acf4a1f1', 'fec77dd4-2cb4-4228-9b2e-e8acd90c6350', 'e1489381-c685-4a7a-9dad-1c81e63c4181', '787ad17d-001d-43e7-8daa-4ad94e91a472', '2026-05-04T04:34:26.784037+00:00', '2026-05-04T04:34:22.941+00:00'),
  ('36e16ac0-621a-4b35-ab45-1acbf2533d2c', '5005dcfd-a203-4283-b01b-28f3a61ea511', '3fb26e0e-2171-4d84-b7b0-945c45ddd3d5', 'b74f7b48-efaa-4cde-9c00-3b373313f112', 'd4c2f2ab-d0f2-4c0f-a823-afae7cb6fd27', '2026-05-04T04:34:25.129675+00:00', '2026-05-04T04:34:22.941+00:00'),
  ('48fcdf3f-af10-41e3-b2f4-7d580585f505', '1f6623b0-39ed-401e-bf62-bddcc8897dfd', '3b6fb5ab-b3ba-4700-a440-7a00b1f6db02', '0d1862ff-fbe6-4396-8e12-be7aa44e4064', 'ce415c7e-c920-4e71-a7d2-486a91100d29', '2026-05-04T04:34:25.994129+00:00', '2026-05-04T04:34:22.941+00:00'),
  ('66939558-8bca-40ab-af29-cc8c6bb7891a', '54f6ddd4-63ae-4e8b-8c67-e754acf4a1f1', '42f1150e-7c55-4246-a767-4a2d52449855', 'e1489381-c685-4a7a-9dad-1c81e63c4181', 'bdbd175d-1e73-4998-9786-da2d39d7578e', '2026-05-04T04:34:26.998584+00:00', '2026-05-04T04:34:22.941+00:00'),
  ('9250d8c0-c63c-47e2-83a0-42c4a84be6b7', '1f6623b0-39ed-401e-bf62-bddcc8897dfd', '383a69ab-8e30-496e-b484-2db637905762', '0d1862ff-fbe6-4396-8e12-be7aa44e4064', 'ff3cda99-2782-4068-9b86-f59ff9622d3e', '2026-05-04T04:34:26.431981+00:00', '2026-05-04T04:34:22.941+00:00'),
  ('a3ffabb9-1b92-49bf-ad52-bc0e3e4169a9', '1f6623b0-39ed-401e-bf62-bddcc8897dfd', '9b6e7350-8e67-47e3-b151-f646674397c6', '0d1862ff-fbe6-4396-8e12-be7aa44e4064', 'd54b82f0-a94b-4449-88cb-021f06ee57a4', '2026-05-04T04:34:26.239669+00:00', '2026-05-04T04:34:22.941+00:00'),
  ('c1704847-77ab-45a6-b29a-b23b5ea47b13', '77b8c4e4-3504-4770-93bd-f52d4c272b31', '41a078f9-a119-43a7-88cd-3103cd14cb15', 'b74f7b48-efaa-4cde-9c00-3b373313f112', '8c3bddf6-de50-40da-8dd5-da4e3f5430b6', '2026-05-04T04:34:27.926684+00:00', '2026-05-04T04:34:22.941+00:00'),
  ('c68718e2-ab10-49b8-868e-7790d5399447', '757a82f9-d70d-4033-ad32-84c0914757bb', 'c2147abe-4da5-49ec-bf56-f87e00c9b17f', '0d1862ff-fbe6-4396-8e12-be7aa44e4064', '8224de0f-b226-4fd1-96db-cef8ac1d2849', '2026-05-04T04:34:27.699764+00:00', '2026-05-04T05:30:54.256839+00:00'),
  ('d023d2c2-ccaf-4016-8f79-67f01a4e76bc', '757a82f9-d70d-4033-ad32-84c0914757bb', 'be78b146-73ec-45fa-b9fe-52ab57446ef7', '0d1862ff-fbe6-4396-8e12-be7aa44e4064', '31b1a35b-5db9-4583-a527-ea362c21c7af', '2026-05-04T04:34:27.612316+00:00', '2026-05-04T05:30:49.510678+00:00'),
  ('e1ba8f67-2bd8-4b89-9ada-1a4e15c7b407', '5005dcfd-a203-4283-b01b-28f3a61ea511', 'e0303ee7-ec1d-4b7d-b64f-0a161f2ebb7e', 'b74f7b48-efaa-4cde-9c00-3b373313f112', '60d2d4e6-c724-45fb-9868-a99aa5d0bc1d', '2026-05-04T04:34:25.682229+00:00', '2026-05-04T04:34:22.941+00:00'),
  ('ecaa79ce-f5be-4382-9cdc-4e30e4cebe88', '54f6ddd4-63ae-4e8b-8c67-e754acf4a1f1', 'da6987c0-8e17-43a3-a064-54dd9ee4de4b', 'e1489381-c685-4a7a-9dad-1c81e63c4181', '87edbe2b-353e-4836-8eef-e985fc6a4f1a', '2026-05-04T04:34:27.22356+00:00', '2026-05-04T04:34:22.941+00:00');

insert into public.sofa_render_cells (id, sofa_id, fabric_id, visual_matrix_column_id, current_private_asset_id, current_public_asset_id, source_type, source_photo_id, accepted_fabric_render_candidate_id, updated_at) values
  ('043147b9-8ac7-41e8-9454-130b27e384b0', '1f6623b0-39ed-401e-bf62-bddcc8897dfd', 'b74f7b48-efaa-4cde-9c00-3b373313f112', '383a69ab-8e30-496e-b484-2db637905762', null, null, 'ai_generated', null, null, '2026-05-04T04:34:22.941+00:00'),
  ('082f6abb-1f39-412c-8388-e9f5e3464671', '1f6623b0-39ed-401e-bf62-bddcc8897dfd', 'e1489381-c685-4a7a-9dad-1c81e63c4181', '3b6fb5ab-b3ba-4700-a440-7a00b1f6db02', null, null, 'ai_generated', null, null, '2026-05-04T04:34:22.941+00:00'),
  ('0b5d7065-48ba-4660-8088-e0cab46a152f', '5005dcfd-a203-4283-b01b-28f3a61ea511', 'e1489381-c685-4a7a-9dad-1c81e63c4181', '3fb26e0e-2171-4d84-b7b0-945c45ddd3d5', null, null, 'ai_generated', null, null, '2026-05-04T04:34:22.941+00:00'),
  ('0b66d36e-a700-46ad-b8ff-e66d258b2a4c', '54f6ddd4-63ae-4e8b-8c67-e754acf4a1f1', 'e1489381-c685-4a7a-9dad-1c81e63c4181', 'da6987c0-8e17-43a3-a064-54dd9ee4de4b', '87edbe2b-353e-4836-8eef-e985fc6a4f1a', null, 'source_photo', 'ecaa79ce-f5be-4382-9cdc-4e30e4cebe88', null, '2026-05-04T04:34:22.941+00:00'),
  ('15c5a407-96d8-4cf5-acab-21cdcc1a1d53', '757a82f9-d70d-4033-ad32-84c0914757bb', 'e1489381-c685-4a7a-9dad-1c81e63c4181', 'be78b146-73ec-45fa-b9fe-52ab57446ef7', '230637a4-41f9-4902-b1a0-35492d03d21b', null, 'ai_generated', null, null, '2026-05-04T05:48:01.624+00:00'),
  ('1bc331ee-fe4f-49ff-b599-dd2805b7fcac', '54f6ddd4-63ae-4e8b-8c67-e754acf4a1f1', 'e1489381-c685-4a7a-9dad-1c81e63c4181', 'fec77dd4-2cb4-4228-9b2e-e8acd90c6350', '787ad17d-001d-43e7-8daa-4ad94e91a472', null, 'source_photo', '3146113a-ae20-420a-8c6c-ae44a8e6c3f9', null, '2026-05-04T04:34:22.941+00:00'),
  ('1c8674c0-613a-420d-8837-92c31d1d427c', '5005dcfd-a203-4283-b01b-28f3a61ea511', 'b74f7b48-efaa-4cde-9c00-3b373313f112', 'e0303ee7-ec1d-4b7d-b64f-0a161f2ebb7e', '60d2d4e6-c724-45fb-9868-a99aa5d0bc1d', null, 'source_photo', 'e1ba8f67-2bd8-4b89-9ada-1a4e15c7b407', null, '2026-05-04T04:34:22.941+00:00'),
  ('1ec63873-89fe-4194-b9fc-e0aad0301949', '54f6ddd4-63ae-4e8b-8c67-e754acf4a1f1', 'b74f7b48-efaa-4cde-9c00-3b373313f112', 'fec77dd4-2cb4-4228-9b2e-e8acd90c6350', null, null, 'ai_generated', null, null, '2026-05-04T04:34:22.941+00:00'),
  ('1f0ef6c9-566a-462d-813e-f4b53fce013e', '1f6623b0-39ed-401e-bf62-bddcc8897dfd', 'b74f7b48-efaa-4cde-9c00-3b373313f112', '9b6e7350-8e67-47e3-b151-f646674397c6', null, null, 'ai_generated', null, null, '2026-05-04T04:34:22.941+00:00'),
  ('27e5a552-4ed8-43b3-a527-afdc1cddc575', '5005dcfd-a203-4283-b01b-28f3a61ea511', 'b74f7b48-efaa-4cde-9c00-3b373313f112', '9748e5de-78f4-4ccf-9dea-7c3d79fdd86d', 'f313db13-8ea4-4e1c-be00-52fc15c1970d', null, 'source_photo', '2dde657d-382b-4f38-89b8-ef41775b8b9d', null, '2026-05-04T04:34:22.941+00:00'),
  ('2f69d20e-3140-448f-b024-4bfdf5415180', '757a82f9-d70d-4033-ad32-84c0914757bb', 'e1489381-c685-4a7a-9dad-1c81e63c4181', 'a4261d1c-f3f1-4468-a74f-efd0185dbf14', null, null, 'ai_generated', null, null, '2026-05-04T04:34:22.941+00:00'),
  ('2fd5c36b-cb50-45bc-b4d7-9aff9f3b9956', '1f6623b0-39ed-401e-bf62-bddcc8897dfd', 'b74f7b48-efaa-4cde-9c00-3b373313f112', '3b6fb5ab-b3ba-4700-a440-7a00b1f6db02', null, null, 'ai_generated', null, null, '2026-05-04T04:34:22.941+00:00'),
  ('329d45e3-09ae-40e7-b443-2bab797fd755', '5005dcfd-a203-4283-b01b-28f3a61ea511', 'b74f7b48-efaa-4cde-9c00-3b373313f112', '3fb26e0e-2171-4d84-b7b0-945c45ddd3d5', 'd4c2f2ab-d0f2-4c0f-a823-afae7cb6fd27', null, 'source_photo', '36e16ac0-621a-4b35-ab45-1acbf2533d2c', null, '2026-05-04T04:34:22.941+00:00'),
  ('336a8e02-bd13-4b2a-a6f7-e1769ee08a1b', '757a82f9-d70d-4033-ad32-84c0914757bb', '0d1862ff-fbe6-4396-8e12-be7aa44e4064', 'a4261d1c-f3f1-4468-a74f-efd0185dbf14', '1ab9b1b6-35fd-4109-9081-0cdf7834439a', null, 'source_photo', '1bcab047-e144-4b2a-85ce-859408d7b0d3', null, '2026-05-04T05:30:58.633044+00:00'),
  ('386f5fb9-0190-489d-b04e-f9a323196e08', '1f6623b0-39ed-401e-bf62-bddcc8897dfd', 'e1489381-c685-4a7a-9dad-1c81e63c4181', '383a69ab-8e30-496e-b484-2db637905762', null, null, 'ai_generated', null, null, '2026-05-04T04:34:22.941+00:00'),
  ('3c1ec0a7-85f8-439b-ae2e-20aad2af1462', '5005dcfd-a203-4283-b01b-28f3a61ea511', '0d1862ff-fbe6-4396-8e12-be7aa44e4064', '3fb26e0e-2171-4d84-b7b0-945c45ddd3d5', null, null, 'ai_generated', null, null, '2026-05-04T04:34:22.941+00:00'),
  ('3e39f2fb-e831-48ce-8dd9-2c0ec2d1b894', '757a82f9-d70d-4033-ad32-84c0914757bb', '0d1862ff-fbe6-4396-8e12-be7aa44e4064', 'c2147abe-4da5-49ec-bf56-f87e00c9b17f', '8224de0f-b226-4fd1-96db-cef8ac1d2849', null, 'source_photo', 'c68718e2-ab10-49b8-868e-7790d5399447', null, '2026-05-04T05:30:54.256839+00:00'),
  ('4ccaf0ec-4351-4645-b857-5f9c9a2319fc', '77b8c4e4-3504-4770-93bd-f52d4c272b31', 'e1489381-c685-4a7a-9dad-1c81e63c4181', '41a078f9-a119-43a7-88cd-3103cd14cb15', '6304756c-e1aa-439b-93fc-2a1c9631ea20', 'b55447a3-78ef-4675-88f6-0da6328266e0', 'ai_generated', null, null, '2026-05-04T05:47:17.470429+00:00'),
  ('7a21bb3c-fe17-455a-9b0e-cab449077766', '757a82f9-d70d-4033-ad32-84c0914757bb', 'b74f7b48-efaa-4cde-9c00-3b373313f112', 'be78b146-73ec-45fa-b9fe-52ab57446ef7', null, null, 'ai_generated', null, null, '2026-05-04T05:30:49.510678+00:00'),
  ('7acd2db4-3127-4a3e-ae04-d7b6dc64629d', '54f6ddd4-63ae-4e8b-8c67-e754acf4a1f1', 'b74f7b48-efaa-4cde-9c00-3b373313f112', 'da6987c0-8e17-43a3-a064-54dd9ee4de4b', null, null, 'ai_generated', null, null, '2026-05-04T04:34:22.941+00:00'),
  ('7e549819-536e-42b0-990f-9a044e9b5e20', '54f6ddd4-63ae-4e8b-8c67-e754acf4a1f1', '0d1862ff-fbe6-4396-8e12-be7aa44e4064', '42f1150e-7c55-4246-a767-4a2d52449855', null, null, 'ai_generated', null, null, '2026-05-04T04:34:22.941+00:00'),
  ('88047256-1076-4624-a467-ae15d22c3fb5', '757a82f9-d70d-4033-ad32-84c0914757bb', '0d1862ff-fbe6-4396-8e12-be7aa44e4064', 'be78b146-73ec-45fa-b9fe-52ab57446ef7', '31b1a35b-5db9-4583-a527-ea362c21c7af', null, 'source_photo', 'd023d2c2-ccaf-4016-8f79-67f01a4e76bc', null, '2026-05-04T05:30:49.510678+00:00'),
  ('99ce4ca5-72a1-4b27-9a5a-ab95e172169c', '5005dcfd-a203-4283-b01b-28f3a61ea511', 'e1489381-c685-4a7a-9dad-1c81e63c4181', 'e0303ee7-ec1d-4b7d-b64f-0a161f2ebb7e', null, null, 'ai_generated', null, null, '2026-05-04T04:34:22.941+00:00'),
  ('99f1c744-7aac-41ea-92bb-24b4de17707a', '5005dcfd-a203-4283-b01b-28f3a61ea511', '0d1862ff-fbe6-4396-8e12-be7aa44e4064', 'e0303ee7-ec1d-4b7d-b64f-0a161f2ebb7e', null, null, 'ai_generated', null, null, '2026-05-04T04:34:22.941+00:00'),
  ('a06da764-3a49-49c2-9d62-a0e72873d5bf', '54f6ddd4-63ae-4e8b-8c67-e754acf4a1f1', 'e1489381-c685-4a7a-9dad-1c81e63c4181', '42f1150e-7c55-4246-a767-4a2d52449855', 'bdbd175d-1e73-4998-9786-da2d39d7578e', null, 'source_photo', '66939558-8bca-40ab-af29-cc8c6bb7891a', null, '2026-05-04T04:34:22.941+00:00'),
  ('a2131f04-a2b6-47cd-83da-e9fba42e9aff', '77b8c4e4-3504-4770-93bd-f52d4c272b31', '0d1862ff-fbe6-4396-8e12-be7aa44e4064', '41a078f9-a119-43a7-88cd-3103cd14cb15', 'c713e9da-40ab-43a8-9f8e-7c0e0a3d2c4b', 'a70fe8f4-e4f6-4fcc-a74f-30dd8aea041d', 'ai_generated', null, null, '2026-05-04T05:47:17.470429+00:00'),
  ('af91bb9b-652c-42ea-b208-20d9f4434a90', '1f6623b0-39ed-401e-bf62-bddcc8897dfd', '0d1862ff-fbe6-4396-8e12-be7aa44e4064', '383a69ab-8e30-496e-b484-2db637905762', 'ff3cda99-2782-4068-9b86-f59ff9622d3e', null, 'source_photo', '9250d8c0-c63c-47e2-83a0-42c4a84be6b7', null, '2026-05-04T04:34:22.941+00:00'),
  ('afc2c64b-3f15-4af7-a616-f87d89ee27a2', '77b8c4e4-3504-4770-93bd-f52d4c272b31', 'b74f7b48-efaa-4cde-9c00-3b373313f112', '41a078f9-a119-43a7-88cd-3103cd14cb15', '8c3bddf6-de50-40da-8dd5-da4e3f5430b6', 'b5b75cce-1aa1-440b-9e00-6ffc85004f05', 'source_photo', 'c1704847-77ab-45a6-b29a-b23b5ea47b13', null, '2026-05-04T05:47:17.470429+00:00'),
  ('b2b6b3ba-07b1-4e63-a332-eda9221f216a', '1f6623b0-39ed-401e-bf62-bddcc8897dfd', 'e1489381-c685-4a7a-9dad-1c81e63c4181', '9b6e7350-8e67-47e3-b151-f646674397c6', null, null, 'ai_generated', null, null, '2026-05-04T04:34:22.941+00:00'),
  ('b336031b-5845-4978-92fd-f6eec7a2c180', '5005dcfd-a203-4283-b01b-28f3a61ea511', 'e1489381-c685-4a7a-9dad-1c81e63c4181', '9748e5de-78f4-4ccf-9dea-7c3d79fdd86d', null, null, 'ai_generated', null, null, '2026-05-04T04:34:22.941+00:00'),
  ('b84bb52f-20ea-4abd-bf64-1b45ce297b82', '757a82f9-d70d-4033-ad32-84c0914757bb', 'b74f7b48-efaa-4cde-9c00-3b373313f112', 'a4261d1c-f3f1-4468-a74f-efd0185dbf14', null, null, 'ai_generated', null, null, '2026-05-04T05:30:58.633044+00:00'),
  ('b89dbadd-27a3-4b8e-88de-1b09fb5ec0d5', '757a82f9-d70d-4033-ad32-84c0914757bb', 'b74f7b48-efaa-4cde-9c00-3b373313f112', 'c2147abe-4da5-49ec-bf56-f87e00c9b17f', null, null, 'ai_generated', null, null, '2026-05-04T05:30:54.256839+00:00'),
  ('c887ac98-09f8-421d-acbd-6d5c185deab0', '1f6623b0-39ed-401e-bf62-bddcc8897dfd', '0d1862ff-fbe6-4396-8e12-be7aa44e4064', '3b6fb5ab-b3ba-4700-a440-7a00b1f6db02', 'ce415c7e-c920-4e71-a7d2-486a91100d29', null, 'source_photo', '48fcdf3f-af10-41e3-b2f4-7d580585f505', null, '2026-05-04T04:34:22.941+00:00'),
  ('e5c28f8e-0d3f-47ee-a1c0-fa5378648a46', '1f6623b0-39ed-401e-bf62-bddcc8897dfd', '0d1862ff-fbe6-4396-8e12-be7aa44e4064', '9b6e7350-8e67-47e3-b151-f646674397c6', 'd54b82f0-a94b-4449-88cb-021f06ee57a4', null, 'source_photo', 'a3ffabb9-1b92-49bf-ad52-bc0e3e4169a9', null, '2026-05-04T04:34:22.941+00:00'),
  ('edb11fb8-c85b-4608-87ad-a7c5db33605c', '757a82f9-d70d-4033-ad32-84c0914757bb', 'e1489381-c685-4a7a-9dad-1c81e63c4181', 'c2147abe-4da5-49ec-bf56-f87e00c9b17f', null, null, 'ai_generated', null, null, '2026-05-04T04:39:42.555204+00:00'),
  ('f60204f3-a8b1-49fe-9864-a3d5e9cda9fc', '54f6ddd4-63ae-4e8b-8c67-e754acf4a1f1', '0d1862ff-fbe6-4396-8e12-be7aa44e4064', 'da6987c0-8e17-43a3-a064-54dd9ee4de4b', null, null, 'ai_generated', null, null, '2026-05-04T04:34:22.941+00:00'),
  ('f6c78142-a1e1-4015-b959-7780dee4c05d', '54f6ddd4-63ae-4e8b-8c67-e754acf4a1f1', '0d1862ff-fbe6-4396-8e12-be7aa44e4064', 'fec77dd4-2cb4-4228-9b2e-e8acd90c6350', null, null, 'ai_generated', null, null, '2026-05-04T04:34:22.941+00:00'),
  ('faff64e0-2330-4c8d-8ab4-9214007cdbac', '5005dcfd-a203-4283-b01b-28f3a61ea511', '0d1862ff-fbe6-4396-8e12-be7aa44e4064', '9748e5de-78f4-4ccf-9dea-7c3d79fdd86d', null, null, 'ai_generated', null, null, '2026-05-04T04:34:22.941+00:00'),
  ('fe9913bd-9c91-4504-94bb-86e41a841b99', '54f6ddd4-63ae-4e8b-8c67-e754acf4a1f1', 'b74f7b48-efaa-4cde-9c00-3b373313f112', '42f1150e-7c55-4246-a767-4a2d52449855', null, null, 'ai_generated', null, null, '2026-05-04T04:34:22.941+00:00');

insert into public.fabric_render_jobs (id, sofa_id, fabric_id, visual_matrix_column_id, render_cell_id, generation_mode, target_sofa_asset_id, fabric_ai_reference_asset_id, refinement_source_asset_id, prompt_note, provider_name, provider_model, prompt_version, status, attempt_count, max_attempts, queued_at, claimed_by, claimed_at, claim_expires_at, last_attempt_started_at, last_error_message, completed_at, created_at, updated_at, refine_prompt, request_id) values
  ('3073ffdc-86d1-4f87-a090-da71711b3b47', '77b8c4e4-3504-4770-93bd-f52d4c272b31', '0d1862ff-fbe6-4396-8e12-be7aa44e4064', '41a078f9-a119-43a7-88cd-3103cd14cb15', 'a2131f04-a2b6-47cd-83da-e9fba42e9aff', 'initial', '8c3bddf6-de50-40da-8dd5-da4e3f5430b6', '58f661d0-3e75-4df8-a5dd-739f3ab21f72', null, null, 'gemini', 'gemini-3-pro-image-preview', 'v007', 'succeeded', 1, 3, '2026-05-04T05:45:52.907+00:00', null, '2026-05-04T05:46:04.488401+00:00', null, '2026-05-04T05:46:04.488401+00:00', null, '2026-05-04T05:46:26.357839+00:00', '2026-05-04T05:45:52.913041+00:00', '2026-05-04T05:46:26.357839+00:00', null, 'c548b257-0a7d-426e-96a4-4a4ebd0ac39d'),
  ('5b49269c-8903-449b-a19f-9604464debda', '77b8c4e4-3504-4770-93bd-f52d4c272b31', 'e1489381-c685-4a7a-9dad-1c81e63c4181', '41a078f9-a119-43a7-88cd-3103cd14cb15', '4ccaf0ec-4351-4645-b857-5f9c9a2319fc', 'initial', '8c3bddf6-de50-40da-8dd5-da4e3f5430b6', '6d56e77c-a373-41bc-997f-c88c09acc234', null, null, 'gemini', 'gemini-3-pro-image-preview', 'v007', 'failed', 1, 3, '2026-05-04T05:27:09.983+00:00', null, '2026-05-04T05:27:11.363071+00:00', null, '2026-05-04T05:27:11.363071+00:00', 'Worker claim expired before manual resume', '2026-05-04T05:34:16.48186+00:00', '2026-05-04T05:27:09.990719+00:00', '2026-05-04T05:34:16.48186+00:00', null, '2730e2c4-2747-493c-8665-249f1e030a28'),
  ('99070d1e-4597-4ae8-8b6f-a55f2c95ec2c', '77b8c4e4-3504-4770-93bd-f52d4c272b31', 'e1489381-c685-4a7a-9dad-1c81e63c4181', '41a078f9-a119-43a7-88cd-3103cd14cb15', '4ccaf0ec-4351-4645-b857-5f9c9a2319fc', 'initial', '8c3bddf6-de50-40da-8dd5-da4e3f5430b6', '6d56e77c-a373-41bc-997f-c88c09acc234', null, null, 'gemini', 'gemini-3-pro-image-preview', 'v007', 'succeeded', 1, 3, '2026-05-04T05:45:21.232+00:00', null, '2026-05-04T05:45:41.816881+00:00', null, '2026-05-04T05:45:41.816881+00:00', null, '2026-05-04T05:46:04.463675+00:00', '2026-05-04T05:45:21.236664+00:00', '2026-05-04T05:46:04.463675+00:00', null, '7d54effb-c2b3-4557-84fe-44033097ad03'),
  ('a5fe5d13-d76e-4550-aab9-1076d9bab99a', '77b8c4e4-3504-4770-93bd-f52d4c272b31', 'e1489381-c685-4a7a-9dad-1c81e63c4181', '41a078f9-a119-43a7-88cd-3103cd14cb15', '4ccaf0ec-4351-4645-b857-5f9c9a2319fc', 'initial', '8c3bddf6-de50-40da-8dd5-da4e3f5430b6', '6d56e77c-a373-41bc-997f-c88c09acc234', null, null, 'gemini', 'gemini-3-pro-image-preview', 'v007', 'succeeded', 1, 3, '2026-05-04T05:44:27.225+00:00', null, '2026-05-04T05:44:27.708643+00:00', null, '2026-05-04T05:44:27.708643+00:00', null, '2026-05-04T05:44:49.720646+00:00', '2026-05-04T05:44:27.244114+00:00', '2026-05-04T05:44:49.720646+00:00', null, 'fe4e8a62-2057-482f-8498-de6c5ed39c2f'),
  ('a9c4ce9b-51d9-491b-9d34-c687ddf1e594', '77b8c4e4-3504-4770-93bd-f52d4c272b31', '0d1862ff-fbe6-4396-8e12-be7aa44e4064', '41a078f9-a119-43a7-88cd-3103cd14cb15', 'a2131f04-a2b6-47cd-83da-e9fba42e9aff', 'initial', '8c3bddf6-de50-40da-8dd5-da4e3f5430b6', '58f661d0-3e75-4df8-a5dd-739f3ab21f72', null, null, 'gemini', 'gemini-3-pro-image-preview', 'v007', 'succeeded', 1, 3, '2026-05-04T05:27:09.983+00:00', null, '2026-05-04T05:44:49.754037+00:00', null, '2026-05-04T05:44:49.754037+00:00', null, '2026-05-04T05:45:14.645553+00:00', '2026-05-04T05:27:09.990719+00:00', '2026-05-04T05:45:14.645553+00:00', null, '2730e2c4-2747-493c-8665-249f1e030a28'),
  ('eb43e432-6f64-4280-94d8-de2aa4f71ac6', '757a82f9-d70d-4033-ad32-84c0914757bb', 'e1489381-c685-4a7a-9dad-1c81e63c4181', 'be78b146-73ec-45fa-b9fe-52ab57446ef7', '15c5a407-96d8-4cf5-acab-21cdcc1a1d53', 'initial', '31b1a35b-5db9-4583-a527-ea362c21c7af', '6d56e77c-a373-41bc-997f-c88c09acc234', null, null, 'gemini', 'gemini-3-pro-image-preview', 'v007', 'succeeded', 1, 3, '2026-05-04T05:31:13.134+00:00', null, '2026-05-04T05:45:14.774982+00:00', null, '2026-05-04T05:45:14.774982+00:00', null, '2026-05-04T05:45:41.790682+00:00', '2026-05-04T05:31:13.142171+00:00', '2026-05-04T05:45:41.790682+00:00', null, '56bc53d9-00ed-4ec8-a37c-be37838bd10e'),
  ('ec04e079-369a-42d5-af44-3d1bdf54554e', '77b8c4e4-3504-4770-93bd-f52d4c272b31', 'e1489381-c685-4a7a-9dad-1c81e63c4181', '41a078f9-a119-43a7-88cd-3103cd14cb15', '4ccaf0ec-4351-4645-b857-5f9c9a2319fc', 'initial', '8c3bddf6-de50-40da-8dd5-da4e3f5430b6', '6d56e77c-a373-41bc-997f-c88c09acc234', null, null, 'gemini', 'gemini-3-pro-image-preview', 'v007', 'failed', 1, 3, '2026-05-04T05:37:10.97+00:00', null, '2026-05-04T05:37:11.040935+00:00', null, '2026-05-04T05:37:11.040935+00:00', 'Worker claim expired before WebP input fix', '2026-05-04T05:43:33.202991+00:00', '2026-05-04T05:37:10.976176+00:00', '2026-05-04T05:43:33.202991+00:00', null, 'cb785cfe-07f6-4a1f-bcbf-d64cee1cf82c');

insert into public.fabric_render_candidates (id, job_id, render_cell_id, asset_id, generation_mode, refinement_source_asset_id, provider_name, provider_model, prompt_version, sofa_id, fabric_id, visual_matrix_column_id, accepted_at, created_at) values
  ('0f86bd85-3eac-4223-afcd-2e92be67b36d', 'eb43e432-6f64-4280-94d8-de2aa4f71ac6', '15c5a407-96d8-4cf5-acab-21cdcc1a1d53', '230637a4-41f9-4902-b1a0-35492d03d21b', 'initial', null, 'gemini', 'gemini-3-pro-image-preview', 'v007', '757a82f9-d70d-4033-ad32-84c0914757bb', 'e1489381-c685-4a7a-9dad-1c81e63c4181', 'be78b146-73ec-45fa-b9fe-52ab57446ef7', '2026-05-04T05:48:01.624+00:00', '2026-05-04T05:45:41.790682+00:00'),
  ('2de8152b-0fc4-4200-bf3d-b58983770881', '3073ffdc-86d1-4f87-a090-da71711b3b47', 'a2131f04-a2b6-47cd-83da-e9fba42e9aff', 'c713e9da-40ab-43a8-9f8e-7c0e0a3d2c4b', 'initial', null, 'gemini', 'gemini-3-pro-image-preview', 'v007', '77b8c4e4-3504-4770-93bd-f52d4c272b31', '0d1862ff-fbe6-4396-8e12-be7aa44e4064', '41a078f9-a119-43a7-88cd-3103cd14cb15', '2026-05-04T05:47:06.183+00:00', '2026-05-04T05:46:26.357839+00:00'),
  ('56d9a978-e388-4559-a897-d4e14577cbb0', 'a9c4ce9b-51d9-491b-9d34-c687ddf1e594', 'a2131f04-a2b6-47cd-83da-e9fba42e9aff', '884b9850-111a-41be-994a-9cdbd430f483', 'initial', null, 'gemini', 'gemini-3-pro-image-preview', 'v007', '77b8c4e4-3504-4770-93bd-f52d4c272b31', '0d1862ff-fbe6-4396-8e12-be7aa44e4064', '41a078f9-a119-43a7-88cd-3103cd14cb15', null, '2026-05-04T05:45:14.645553+00:00'),
  ('67f60d6b-91cd-47c5-b820-1622a0ad1947', 'a5fe5d13-d76e-4550-aab9-1076d9bab99a', '4ccaf0ec-4351-4645-b857-5f9c9a2319fc', '1d62ab8f-d806-45a2-a848-5073f34a5d63', 'initial', null, 'gemini', 'gemini-3-pro-image-preview', 'v007', '77b8c4e4-3504-4770-93bd-f52d4c272b31', 'e1489381-c685-4a7a-9dad-1c81e63c4181', '41a078f9-a119-43a7-88cd-3103cd14cb15', null, '2026-05-04T05:44:49.720646+00:00'),
  ('a65af628-3390-4ffa-b3d3-2a3429aaeb68', '99070d1e-4597-4ae8-8b6f-a55f2c95ec2c', '4ccaf0ec-4351-4645-b857-5f9c9a2319fc', '6304756c-e1aa-439b-93fc-2a1c9631ea20', 'initial', null, 'gemini', 'gemini-3-pro-image-preview', 'v007', '77b8c4e4-3504-4770-93bd-f52d4c272b31', 'e1489381-c685-4a7a-9dad-1c81e63c4181', '41a078f9-a119-43a7-88cd-3103cd14cb15', '2026-05-04T05:46:39.053+00:00', '2026-05-04T05:46:04.463675+00:00');

-- sofa_render_exports: 0 rows

update public.visual_matrix_columns as target
set current_source_photo_id = source.current_source_photo_id
from (
  values
  ('383a69ab-8e30-496e-b484-2db637905762'::uuid, '9250d8c0-c63c-47e2-83a0-42c4a84be6b7'::uuid),
  ('3b6fb5ab-b3ba-4700-a440-7a00b1f6db02'::uuid, '48fcdf3f-af10-41e3-b2f4-7d580585f505'::uuid),
  ('3fb26e0e-2171-4d84-b7b0-945c45ddd3d5'::uuid, '36e16ac0-621a-4b35-ab45-1acbf2533d2c'::uuid),
  ('41a078f9-a119-43a7-88cd-3103cd14cb15'::uuid, 'c1704847-77ab-45a6-b29a-b23b5ea47b13'::uuid),
  ('42f1150e-7c55-4246-a767-4a2d52449855'::uuid, '66939558-8bca-40ab-af29-cc8c6bb7891a'::uuid),
  ('9748e5de-78f4-4ccf-9dea-7c3d79fdd86d'::uuid, '2dde657d-382b-4f38-89b8-ef41775b8b9d'::uuid),
  ('9b6e7350-8e67-47e3-b151-f646674397c6'::uuid, 'a3ffabb9-1b92-49bf-ad52-bc0e3e4169a9'::uuid),
  ('a4261d1c-f3f1-4468-a74f-efd0185dbf14'::uuid, '1bcab047-e144-4b2a-85ce-859408d7b0d3'::uuid),
  ('be78b146-73ec-45fa-b9fe-52ab57446ef7'::uuid, 'd023d2c2-ccaf-4016-8f79-67f01a4e76bc'::uuid),
  ('c2147abe-4da5-49ec-bf56-f87e00c9b17f'::uuid, 'c68718e2-ab10-49b8-868e-7790d5399447'::uuid),
  ('da6987c0-8e17-43a3-a064-54dd9ee4de4b'::uuid, 'ecaa79ce-f5be-4382-9cdc-4e30e4cebe88'::uuid),
  ('e0303ee7-ec1d-4b7d-b64f-0a161f2ebb7e'::uuid, 'e1ba8f67-2bd8-4b89-9ada-1a4e15c7b407'::uuid),
  ('fec77dd4-2cb4-4228-9b2e-e8acd90c6350'::uuid, '3146113a-ae20-420a-8c6c-ae44a8e6c3f9'::uuid)
) as source(id, current_source_photo_id)
where target.id = source.id;

update public.sofa_render_cells as target
set accepted_fabric_render_candidate_id = source.accepted_fabric_render_candidate_id
from (
  values
  ('15c5a407-96d8-4cf5-acab-21cdcc1a1d53'::uuid, '0f86bd85-3eac-4223-afcd-2e92be67b36d'::uuid),
  ('4ccaf0ec-4351-4645-b857-5f9c9a2319fc'::uuid, 'a65af628-3390-4ffa-b3d3-2a3429aaeb68'::uuid),
  ('a2131f04-a2b6-47cd-83da-e9fba42e9aff'::uuid, '2de8152b-0fc4-4200-bf3d-b58983770881'::uuid)
) as source(id, accepted_fabric_render_candidate_id)
where target.id = source.id;

commit;
